id,spoiler
0,a kidney
1,"When they dont protect themselves, their investments in others can cause them to feel overloaded and fatigued"
2,"access to better medical care, leisure time, healthier food"
3,Braconid
4,Cured egg yolks
5,John Williams music
6,"1 Take a long, warm shower with sweetsmelling essential oils2 Create the perfect ambience before you"
7,"Flynn the dog does a lot to help out his 17yearold human, Hailey"
8,Lord Ivar Mountbatten
9,putting away too much
10,"""Who is watching your kids?"""
11,trying too hard
12,Celia Cruz
13,"""People talk a lot and they know little,"" De Gea said in quotes appearing in Marc"
14,"""Malibu,"""
15,1168 billion
16,swine transformation
17,"""Gulf Futurism,"""
18,1 Get an education2 Say hello to risk3 Get a good education4 Get a good
19,New York
20,Michael Sam
21,Drunk or Danish?
22,"To participate, you need to purchases credits, used to bid on the auctions"
23,yellow
24,The Polished Man Project
25,"He said in his tweetGender matters not when youre rocking the Force like you are,"
26,"The officers finished up their meals, but when they looked at the bill a total of 123"
27,more frequent and severe natural disasters
28,"Donald Trump carried a nearly insurmountable 134,000 vote lead 14 percentage points leaving Democrats crushed"
29,Universal Basic Income
30,United States
31,"""Im not mad, Im just disappointed"""
32,blame the consumer
33,"Unfortunately, the NES Classic Edition is not available for preorder just yet"
34,textbooks
35,"while in the shower, he belts out a few of his favorite Broadway tunes"
36,Laziness
37,Austin
38,his brain
39,blue
40,bluelight
41,green bottle
42,"""Parenthood,"""
43,its hard to escape the stench of the city in the heat of summer
44,albino raccoon
45,Jason Aldean
46,Harry put it in his pocket
47,30 minutes
48,I think it can bring me a sense of peace and allows me to cancel out all the noise
49,Expo markers are expensive
50,Rodgers earned the role on his talent alone
51,Thea The Awakening
52,1 Readers wanted to read about it2 The Mad Men audience overlaps so neatly with the
53,"1 Eat legumes2 Eat plant sterols, margarines and spreads3 Eat"
54,Pennsylvania
55,whales stomachs were actually filled to the brim with plastic debris
56,"Among those who are divorced or widowed, age made a big difference in desire"
57,Amber Galloway GallegoTaylor Anderton and Michael CoxVinka Bar
58,"Kili the Senegal parrot has somehow managed to become a master at ""playing"
59,Miley Cyrus
60,stressmanaging worksheet
61,"use the Lucky Egg to gain double XP for the next 30 minutes, or use the Inc"
62,"turn on the sink and let the water run, so it only sounds like theyre washing their hands"
63,Jussie Smollett
64,Hillary Clinton is demolishing Trump on the question of who has the right personality and temperament to serve
65,the information printed on your boarding pass actually reveals a lot more than you think
66,"""famous for helping tens of thousands of companies avoid hundreds of millions of dollars in"
67,Kevin Hart
68,only shows that have been out for three or more years will show up on Amazon Prime
69,"25,000 per month"
70,new home button and larger camera lens
71,Vermont
72,Doors open based on who you knowMeeting a contact once is
73,1 Museum of Modern Art2 Metropolitan Museum of Arts3 Guggenheim4 The Whitney Museum of
74,A dietitian specializing in sports nutrition can provide advice about whether someone like your son can
75,Rusty Young
76,moon
77,TokyoChicagoLondonLondon
78,"The cosmetics company has revealed that theyll be teasing their collaboration on Snapchat, the photo"
79,Mexico City
80,MS Dhoni
81,tumor
82,mullet
83,"plastic surgery years ago to make her eyes look ""bigger"" and advance her career"
84,Robert Redford
85,"Going allout in a metcon workout can help you improve your work capacity, making your body"
86,Katy Perry
87,The Netherlands
88,Still confidentyour rubbish comments aint ruining my happinessthanks to all for the compliment
89,"World War I theme is resonating with the theme of the game, and it is"
90,A photograph of a doormat glued to two pieces of foam
91,1 A SINGLE TABLESPOON HAS MORE SUGAR THAN A
92,Hooters girl
93,Bugatti Type 57S
94,"""Make America Great Again is a great slogan I would like to meet him"""
95,Peter Pilotto
96,irregular working hours and work stress
97,Find Donald Trump
98,"Nebraska allocates its electoral college votes not in the usual winnertakeall method, but by congressional district"
99,"""cancel the Paris Climate Plan"""
100,1 Adventurous Christmas Chile2 Premium Christmas Switzerland3 Christmas in Chile4 Adventurous Christmas in
101,E3 is at a crossroadsSECOND WINDAsNEW REALITY
102,14 hours
103,online multiplayer unplayable
104,raw apple and raw lettuce
105,anaphylaxis
106,Alfredo
107,serious heart condition
108,I ate what I wanted and as much as I wanted and having no desire to exercise
109,watch and act
110,"""I bet most people waste or squander the cash""""It probably doesn"
111,"""The logic of the drugs war only leads one way the police get smarter, so the criminal"
112,"Basically, the gulls have realized, why search for your own food when theres"
113,the title page
114,Shamus Beaglehole
115,"there are a number of genealogy sites, educational institutions and companies that are willing to offer you further"
116,Wolverampton
117,colourful igloo
118,Its the preeminent blockbuster blueprint
119,Ruby Tuesday RT
120,Yields on government bonds from all around the world have been plunging thanks to anxious investors
121,29cent washcloth
122,J Crew
123,Andy Stern
124,lack of parents in the films is just an easy way to allow the main characters to grow up
125,Trumps role in the porn is relatively benign and centers around him breaking a bottle of champagne
126,watch
127,dead whale
128,"""Destiny"""
129,"""Im not a big fan of Xbox One and a half If were going to move"
130,new Costco Visa Anywhere card
131,online gaming
132,Kim Jong Unimpersonator
133,"Only 1 participant out of 85 correctly recalled the Apple logo, and fewer than half of all"
134,lack of Internet access
135,frostbite
136,Jennifer Lawrence
137,"Christine ""Tink"" Newman, 24, was unconscious and hypothermic when she was found"
138,used condoms being discarded under beds and women flashing the porter instead of giving a
139,"To avoid the tiffs, SRK has blocked all the fans of other stars including"
140,Jose Jose
141,11 trillion annually
142,"The unemployment rate in November fell to 46 percent, the lowest in nine years"
143,"Thousands of genes have evolved recently in the last 40,000 years Changes we are seeing include smaller"
144,the Supreme Court on Monday granted her permission to terminate her pregnancy
145,02 percentage points
146,whales ear stores all sorts of useful information on the animals exposure to pollutants and stress levels throughout
147,replacing all the larger vessels with those of smaller sizes
148,"""No,"" she apparently replied, before pointing at the policeman and adding ""But he"
149,May 8
150,"I think it depends on the attitude you take towards it, basically If you say, yes, """
151,The Rock
152,Jackson Vroman
153,1 Ideas Have Consequences2 The Road to Serfdom3 The Closing
154,prototype imaging system
155,"She can cost you time every single day of shooting wardrobe issues, not getting out of the trailer,"
156,kiwi
157,potatoes
158,"Applying your foundation, blusher and concealer incorrectly"
159,Jay Pharoah and Taran Killam
160,Idaho
161,more empathetic towards others
162,"""I was acting like I could live two different lives and you cant I cant,"" said"
163,low IQ
164,77
165,synaptic pruning
166,"If the IOC does ban Russia, thats enough medals to throw any Olympic predictions seriously out"
167,huge penis
168,1 Dont touch her bump2 Dont ask if she has chosen a name3 Don
169,being a single mom to daughter Jessica
170,"765,759"
171,lower rates of drunkdriving deaths among young people
172,Oregon
173,Almost every space pops with color
174,"operate purely off the pitch, rather than create magic on it"
175,"""Dumb and Dumber To"""
176,one in 285 children will get a cancer diagnosis of some sort
177,"The drop in price seems reactionary, a reflection of some sellers fear that the market would im"
178,tahinicardamom pods
179,"Greg Puciatosing the sets opening number ""Prancer"""
180,strawberry rhubarb
181,paper bag
182,"steaming, stirfrying or even microwaving Brussels"
183,Choose Cream Over Lotion
184,Jimmy Smits
185,A writer at TechRadar remains quite skeptical about the possibility of Linux someday becoming the top
186,"You see, the very reason I and many other women wear headphones isnt as a trivia"
187,he saidTake this moment to listen and try not to give me a hat or whatever
188,5 Beyond Good Evil 24 Kingdom Hearts 3 Kingdom Hearts 3
189,The gentleman in question thought hed mimic a guardsmans walk and at one point
190,playing hideandseek with her friends
191,Laura Bush
192,Michael Brain
193,"""I cant eat pizza anymore guys, how bad is that?"""
194,fan suddenly reached up from the audience and tried to grab a piece of the 33yearold performers
195,"Organic eggs, milk and salad greenscan cost upwards of 60 percent more than conventional alternatives"
196,Colorado
197,"Claims, which count the number of people who applied for unemployment insurance for the first time since the"
198,"It simply couldnt make enough toys to satiate demand in North America, and needed a"
199,Im not killing off Harrison Ford at the end of it
200,An ePassport contains an electronic chip
201,"1 The actions going to pick back up in Fall of 19842 ""I think we talked like"
202,John Slattery
203,stacks upon stacks of bills
204,"He ended up in the hills above Whittier, along Turnbull Canyon Road"
205,Tulsiram Manere
206,A talented Irish rower has died after falling in a freak accident just hours after winning a
207,not taking a drink for the next 24 hours
208,Chicago
209,"""Id like to talk specifically about the lie, or the idea, that being a"
210,Nellie Blys accounts later collected in a book called Ten Days in a Mad
211,french fry
212,burnt bear bone
213,distracted by her own erotic thoughts
214,I once dated a terrible man who was awful horrible I shouldnt have dated him
215,The Cavaliers cannot take 2s and expect to beat 3s
216,Eatsa
217,"585,174,222The Incredible Hulk 263,427,551Thor"
218,19993673767
219,colleges
220,"""Praise be to Allah that he became a martyr It is the most beautiful kind"
221,They also come right out and say that they dont know if they will ever get a divorce
222,A new law banning animal euthanasia is set to take force in Taiwan
223,"police arrested four women in North Carolina for allegedly spraying antiTrump, antipolice,"
224,Emily Gardner
225,Menelik Watson
226,Feeling This
227,Atkins diet
228,Ana Ana
229,Charles Barkley says he stands by his criticism of the Cleveland Cavaliers star player
230,"personalized crosses for each victim and then proceeded to drive 1,200 miles to Orlando Health Medical Center"
231,Korean pear juice
232,Blake McIver
233,legal to hunt for catfish with pitchforks or spears
234,"""Dad, dont worry about me I will work hard, and I will be successful,"
235,twerking
236,"""S, wrong words"""
237,"""I need feminism because I intend on marrying rich and I cant do that"
238,English boxer mix
239,Aaron Sorkins popular HBO series will be skewered through parody on tonight
240,"""A right triangle has a hypotenuse equal to 10 and an altitude to the hypo"
241,polarization between Scotland and large parts of England who voted to stay and other parts of the
242,purpose
243,60yearold woman sitting alone in her car reading a book
244,Emperor Palpatines granddaughter
245,Lisa Brown
246,"ALS Association funded six research projects, one of which recently published its findings identification of a new"
247,good circulation and health
248,"The mark of an Olympic athlete, at least at Rio 2016, seems to be a scattering of"
249,Gaza
250,trees do relax their branches at night
251,"""I think its a very good thing, and I hope he does a very good"
252,Phoenix
253,theyre wellbalanced
254,"By simply focusing your attention on your breathing, and without doing anything to change it, you can"
255,A retired police officer who carried a young girl to safety nearly 20 years ago was reunited
256,chopsticks holder
257,"Egg cartons and plastic ice cube trays make great organizational tools for jewelry, c"
258,An investigation found that Baylor University had mishandled sexual assault accusations against its football players
259,By losing weight Trim your pubic hair
260,There is nothing morally wrong with voting for a flawed candidate if you think he will
261,You may recall being explicitly told as child to not eat watermelon seeds or you may end
262,Ben Bernanke
263,Jordan Klepper
264,"We wanted to help users protect their Identity Internet Connection to eliminate the risk of any online, banking or"
265,increase in the appetite for salty and sweet treats
266,Feb 24
267,"In very small amounts say, a few teaspoons, and if the blood is free from"
268,handling their money and talking about it with their partners
269,polymyalgia rheumatica
270,"The Cubs carried a 63 lead into the eighth inning, six outs away from"
271,1 DontDontJust dont2 DontJust don3 DontJust park4 Dont
272,drink coaster
273,pet
274,"I live inside my own heart, Matt Damon"
275,she could wind up with an historic Academy Award nomination for Best Supporting Actress
276,iris coloration
277,Dawn Grace
278,Roxie Darling
279,The seventh inning stretch
280,adding a teaspoon of coconut oil to boiling water with a halfcup of nonfortified
281,1 There are many theories about why cats knead their paws into you
282,spy camera
283,Oprah Winfreys horse farm in California
284,Louisville
285,"""racial"""
286,more room
287,Bolton sigil
288,lime green
289,Aaron Judge
290,"Thiruvananthapuram, India"
291,crack cocaine
292,1 Ecuador Gabrielle Michel TherinWeise2 Nicaragua Tan Yilmaz3 Thailand In
293,"not getting enough sleep may cause changes to gut bacteria that could fundamentally change our metabolism, affecting"
294,"There were many plot twists and updates that gave the newly released ""Beauty and Beast"
295,acoustic
296,morality
297,Buffy the Vampire Slayer
298,Mr Burger
299,Hot dogs
300,Peter FacinelliJaywalking
301,Chris Pratt
302,Compliance officer
303,you could avoid going into certain professions
304,rosemary
305,"1,080"
306,Google
307,1 CHILI PEPPERS2 GUARDIANA TEXAS3 MON
308,Intrepid
309,MORNINGS
310,"University of California, Los Angeles"
311,"Its much more dangerous to drive a child somewhere, or even to walk with one across"
312,capture the pigeon mode
313,"warning to the evil PriyankaChopra, you dont wanna fck"
314,February 24 at 9 pm
315,seven hours
316,"""GBF"""
317,"""Trying to hatch an egg or catch rare Pokemon?"" says the ad on the shelters"
318,"""pussy"""
319,"President Trump will have the funding to build the wall, and he already has the authorization to do"
320,going to war
321,Damion Soward
322,Carrer Avinyo
323,Nick Johnson
324,a 74yearold man with a bad limp knocked on the window He handed
325,"solar energy is beating the costs of natural gas plants across the country right now, even the operating costs"
326,superfetation
327,Colin Quinn
328,Facebook Messenger weaves chatbots with friends
329,fossil
330,"1,427"
331,CocaCola Memorabilia
332,The evacuation of civilians and opposition fighters from eastern Aleppo have been suspended after rebels
333,lost and hidden city of Skara Brae
334,Sir Bradley WigginsJade JonesMBE TaekwondoKadeen
335,"hacked in different ways, rather than just one, meaning that you have more control over how"
336,The OLine and Elliott looks like itll give Tony a chance to play in all of them
337,Pikaqiu
338,Whitney Thompson
339,Scientists have formulated a mathematical equation to project the mammoth effect homo sapiens
340,"Any similarity to actual persons, living or dead, or actual events, is purely coinciden"
341,novelty and unexpectedness of finding an unusual object secretly placed whilst their heads were down in
342,diet beverages
343,"""Captain Phillips,"""
344,"just as the big cat goes to pounce, the man spins around and starts laughing and"
345,rag
346,"Back The Blue"" tshirts"
347,Houston
348,"""Do not open until your 1st disagreement"""
349,swipe a chip card instead of inserting it into slot
350,Elle
351,no evidence that not washing jeans is hazardous to your health
352,Trump had clearly been snorting Adderall
353,coconut oilcoconut oilcoconut oilcoconut oilcoconut oilcoco
354,"Its chockfull of nutrients and electrolytes like potassium, which not only keep you"
355,Megan Dixon
356,Chris Crocker
357,"Men are more likely to have a heart attack after a snowfall, and its probably from"
358,"wrapped in motorcycle gloves, next to a colorful, shiny motorcycle helmet"
359,A number 7 with medium fries and a Coke
360,Minnesota
361,"""If you are dropping off your sons forgotten lunch, books, homework, equipment, etc,"
362,"Whether it be local multiplayer in Sm4sh or online, the game st"
363,stole her jewelry
364,Cecily Strong
365,"1 When it comes to food, you wont just eat any old thing2 Because youre"
366,Arizona lawmakers are pushing to provide elected officials with more privacy as they draft legislation because they say the states
367,airline greed
368,"Springfield, Oregon"
369,Norah had been pregnant
370,crossnetwork play
371,Batman was able to weaken Superman during their titular battle by firing kryptonit
372,postmicturition convulsion syndrome
373,gargantuan milelong asteroid is heading towards Earth and will brush past us in
374,"""Where do you see yourself in five years?"""
375,"""Dumb British blond fucks 15 million people at once"""
376,Patterson
377,bullshitting
378,Yvette Nicole Brown
379,Florida
380,Rubeus Hagrid
381,Democrat Jason Kander looks to be running very strongly in the exit polls
382,33 seconds to 44 minutes
383,he could not locate the guy sitting right in front of him
384,The antibodies of the film look like wriggly bits of string that rush at her and then
385,BOOM PortugalMeadows in the Mountains BulgariaBurning Man Black Rock Desert
386,white pepper
387,anal sex
388,Banking on bad movies
389,bloody key ring
390,"""I dont pretend to be an ordinary housewife I am not and couldnt be,"" the mom"
391,Hillary Clinton
392,Dan Bell
393,"Faster services expansion, slower productivity growth"
394,A dog poisoned with water hemlock may first appear nervous and pupils will dilate This
395,"The maids coworker told Kyle and Josh, who have also carried out kind dee"
396,Christopher Suprun
397,"Rachel CrawleyLarge foods, natural minimal skin care routine"
398,a dead mans switch had been activated
399,Richard Belzer
